{"id":"_media-02e4b40b-42d0-4f9e-90ee-912699df712b","url":"/image/0x0/_media-02e4b40b-42d0-4f9e-90ee-912699df712b.jpg","size":626933,"type":"image","width":1846,"height":1252,"source":"disk","fileName":"_media-5e97076893d8c.jpg","mimeType":"image/jpeg","extension":"jpg","externalId":""}
{"id":"_media-3974c43a-0753-4b45-a95c-cca6dbed9b17","url":"/image/0x0/_media-3974c43a-0753-4b45-a95c-cca6dbed9b17.png","size":226851,"type":"image","width":750,"height":198,"source":"disk","fileName":"_media-5e97076893d9e.png","mimeType":"image/png","extension":"png","externalId":""}
{"id":"_media-49c2c524-cfbe-40cf-a6e2-29ebc7634b7a","url":"/image/0x0/_media-49c2c524-cfbe-40cf-a6e2-29ebc7634b7a.jpg","size":373498,"type":"image","width":1903,"height":1269,"source":"disk","fileName":"_media-5e8f1d01db12c.jpg","mimeType":"image/jpeg","extension":"jpg","externalId":""}
{"id":"_media-621bb9cd-84d2-45ab-8fc4-9e1a8936b870","url":"/image/0x0/_media-621bb9cd-84d2-45ab-8fc4-9e1a8936b870.jpg","size":190351,"type":"image","width":1903,"height":1269,"source":"disk","fileName":"_media-5e9706041d7de.jpg","mimeType":"image/jpeg","extension":"jpg","externalId":""}
{"id":"_media-6d2dd2f3-2deb-4802-9b5b-2f850e3c8b50","url":"/image/0x0/_media-6d2dd2f3-2deb-4802-9b5b-2f850e3c8b50.png","size":236203,"type":"image","width":750,"height":200,"source":"disk","fileName":"_media-5e97076893d9d.png","mimeType":"image/png","extension":"png","externalId":""}
{"id":"_media-74a2f308-f1d4-4b9b-a6d8-f29233d7d666","url":"/image/0x0/_media-74a2f308-f1d4-4b9b-a6d8-f29233d7d666.jpg","size":470550,"type":"image","width":1903,"height":1269,"source":"disk","fileName":"_media-5e9706644fa81.jpg","mimeType":"image/jpeg","extension":"jpg","externalId":""}
{"id":"_media-74a72e0f-7545-4194-b01f-0c989e871a95","url":"/image/0x0/_media-74a72e0f-7545-4194-b01f-0c989e871a95.jpg","size":340401,"type":"image","width":1903,"height":1269,"source":"disk","fileName":"_media-5e97076893d7c.jpg","mimeType":"image/jpeg","extension":"jpg","externalId":""}
{"id":"_media-ebac09c6-7fcf-4eff-97f1-3b3c1341f55e","url":"/image/0x0/_media-ebac09c6-7fcf-4eff-97f1-3b3c1341f55e.png","size":226687,"type":"image","width":750,"height":200,"source":"disk","fileName":"_media-5e97076893d9c.png","mimeType":"image/png","extension":"png","externalId":""}