{"id":"recipe-1","name":"Tomato soup","slug":"tomato-soup","image":[{"type":"internal","dataUrl":"/api/v1/content/_media/_media-49c2c524-cfbe-40cf-a6e2-29ebc7634b7a"}],"steps":[{"step":"Maecenas lacinia augue quam."},{"step":"Aenean elementum ultricies lectus, et blandit mauris rutrum vel."},{"step":"Nulla vel mauris velit. Nunc at tincidunt lacus, nec aliquet ex. Morbi sed mollis ipsum, et feugiat orci."},{"step":"Orci varius natoque penatibus et magnis dis parturient montes, nascetur ridiculus mus. Proin nec risus quam. Morbi et bibendum libero."}],"servings":6,"cookingTime":"30 min","description":"<p>Vivamus venenatis ultrices leo, sit amet commodo ligula consequat in. Suspendisse justo nisi, tristique sit amet ex quis, auctor imperdiet leo. Nullam molestie pellentesque ullamcorper. Sed pretium odio mollis lobortis laoreet. Fusce blandit diam ornare odio laoreet, commodo congue orci interdum.</p>\n\n<p>Phasellus sagittis augue ac dignissim fringilla. Pellentesque convallis vehicula elit ac aliquam. Nunc quis suscipit dolor. Integer vestibulum ligula eu sapien consequat, ac sodales mi maximus. Sed sem ligula, scelerisque ac aliquet non, rutrum quis velit. Praesent scelerisque euismod sem, in lobortis tellus tincidunt ut. Nullam et pellentesque elit.</p>\n","ingredients":[{"unit":"pcs","amount":10,"product":"tomato"},{"unit":"ml","amount":2000,"product":"water"},{"unit":"pinch","amount":1,"product":"salt"},{"unit":"pinch","amount":0,"product":"pepper"},{"unit":"ml","amount":100,"product":"cream"}]}
{"id":"recipe-2","name":"Scrambled eggs","slug":"scrambled-eggs","image":[{"type":"internal","dataUrl":"/api/v1/content/_media/_media-621bb9cd-84d2-45ab-8fc4-9e1a8936b870"}],"steps":[{"step":"Beat eggs, pepper and salt in bowl until blended.","image":[{"type":"internal","dataUrl":"/api/v1/content/_media/_media-74a2f308-f1d4-4b9b-a6d8-f29233d7d666"}]},{"step":"Heat butter in skillet. Pour in eggs. As eggs begin to set move spatula across bottom and side of skillet.","image":[{"type":"internal","dataUrl":"/api/v1/content/_media/_media-74a72e0f-7545-4194-b01f-0c989e871a95"}]},{"step":"Cook until no visible liquid egg remains."}],"servings":2,"cookingTime":"10 min","description":"<p>Lorem ipsum dolor sit amet, consectetur adipiscing elit. Aliquam luctus pharetra justo, id ultricies felis luctus ultricies. Mauris convallis diam eget faucibus tempor. Integer ac magna dignissim, eleifend magna vel, mollis nulla. Nam luctus tellus ullamcorper, fringilla ante at, consequat odio. Vestibulum sed turpis eu sem bibendum dictum.</p>\n","ingredients":[{"unit":"pcs","amount":3,"product":"egg"},{"unit":"pinch","amount":1,"product":"salt"},{"unit":"teaspoon","amount":2,"product":"butter"}]}
{"id":"recipe-3","name":"Cozy, Little\nChilli Weekend ","slug":"cozy-little-chilli-weekend","image":[{"type":"internal","dataUrl":"/api/v1/content/_media/_media-02e4b40b-42d0-4f9e-90ee-912699df712b"}],"steps":[{"step":"Heat oven to 200C/180C fan/gas 6. Prick the sweet potatoes all over with a fork, then put on a baking tray and roast in the oven for 45 mins or until tender when pierced with a knife.","image":[{"type":"internal","dataUrl":"/api/v1/content/_media/_media-ebac09c6-7fcf-4eff-97f1-3b3c1341f55e"}]},{"step":"Meanwhile, melt the coconut oil in a large saucepan over medium heat. Add the cumin seeds and fry for 1 min until fragrant, then add the onion and fry for 7-10 mins until softened.","image":[{"type":"internal","dataUrl":"/api/v1/content/_media/_media-6d2dd2f3-2deb-4802-9b5b-2f850e3c8b50"}]},{"step":"Put the garlic, ginger and green chilli into the pan, and cook for 2-3 mins. Add the spices and tikka masala paste and cook for a further 2 mins until fragrant, then tip in the tomatoes. Bring to a simmer, then tip in the chickpeas and cook for a further 20 mins until thickened. Season.","image":[{"type":"internal","dataUrl":"/api/v1/content/_media/_media-3974c43a-0753-4b45-a95c-cca6dbed9b17"}]},{"step":"Put the roasted sweet potatoes on four plates and cut open lengthways. Spoon over the chickpea curry and squeeze over the lemon wedges. Season, then scatter with coriander before serving."}],"servings":2,"cookingTime":"10 min","description":"Get some protein into a vegan diet with this tasty chickpea curry jacket.\nIt's an easy midweek meal, or filling lunch that packs a lot of flavour.","ingredients":[{"unit":"pcs","amount":4,"product":"sweet potatoes"},{"unit":"tablespoon","amount":1,"product":"coconut oil"},{"unit":"teaspoon","amount":1.5,"product":"cumin seeds"},{"unit":"pcs","amount":1,"product":"large onion, diced"},{"unit":"pcs","amount":2,"product":"garlic cloves, crushed\nthumb-sized piece ginger, finely grated"},{"unit":"pcs","amount":1,"product":"green chilli, finely chopped"},{"unit":"teaspoon","amount":1,"product":"garam masala"},{"unit":"teaspoon","amount":1,"product":"ground coriander"},{"unit":"teaspoon","amount":0.5,"product":"turmeric"},{"unit":"teaspoon","amount":2,"product":"tikka masala paste"},{"unit":"teaspoon","amount":2,"product":"400g can chopped tomatoes"},{"unit":"pcs","amount":2,"product":"400g can chickpeas, drained"},{"unit":"pcs","amount":1,"product":"lemon wedges and coriander leaves, to serve"}]}